{
  "xgboost": {
    "val": {
      "mae": 424.8677159592391,
      "rmse": 568.1606225803365,
      "mape": 0.760591656090162,
      "interval_coverage": 0.6079192546583851,
      "mean_interval_width": 1310.2303466796875
    },
    "test": {
      "mae": 501.66142139554245,
      "rmse": 653.794683893247,
      "mape": 0.9868524416297058,
      "interval_coverage": 0.6922480620155039,
      "mean_interval_width": 1566.7197265625
    }
  },
  "persistence_lag_1": {
    "val": {
      "mae": 1840.9559930349376,
      "rmse": 2145.3066717691554,
      "mape": 3.259292298943629
    },
    "test": {
      "mae": 1051.470921524806,
      "rmse": 1288.1723854886739,
      "mape": 2.0847732278525792
    }
  },
  "persistence_lag_24": {
    "val": {
      "mae": 2069.0376692787268,
      "rmse": 2899.2359979444545,
      "mape": 3.8055332830086477
    },
    "test": {
      "mae": 2404.7963166341083,
      "rmse": 3210.90879065079,
      "mape": 4.7283520135091734
    }
  }
}